{
    "text_boxes": [
        {
            "id": 1,
            "bbox": [
                115.20999908447266,
                224.22000122070312,
                264.5013845231798,
                258.04998779296875
            ],
            "text": "Wystawiono:"
        },
        {
            "id": 2,
            "bbox": [
                278.0733286539714,
                224.22000122070312,
                373.07693756951227,
                258.04998779296875
            ],
            "text": "Poznań,"
        },
        {
            "id": 3,
            "bbox": [
                386.64888170030383,
                224.22000122070312,
                454.5086023542616,
                258.04998779296875
            ],
            "text": "dnia:"
        },
        {
            "id": 4,
            "bbox": [
                468.08054648505316,
                224.22000122070312,
                603.7999877929688,
                258.04998779296875
            ],
            "text": "15.06.2020"
        },
        {
            "id": 5,
            "bbox": [
                1099.52001953125,
                224.22000122070312,
                1152.7976000236742,
                258.04998779296875
            ],
            "text": "Data"
        },
        {
            "id": 6,
            "bbox": [
                1166.1169951467803,
                224.22000122070312,
                1285.9915512547348,
                258.04998779296875
            ],
            "text": "wykonania"
        },
        {
            "id": 7,
            "bbox": [
                1299.3109463778408,
                224.22000122070312,
                1392.5467122395833,
                258.04998779296875
            ],
            "text": "usługi:"
        },
        {
            "id": 8,
            "bbox": [
                1405.8661073626893,
                224.22000122070312,
                1539.06005859375,
                258.04998779296875
            ],
            "text": "08.04.2020"
        },
        {
            "id": 9,
            "bbox": [
                560.3699951171875,
                294.9100036621094,
                709.7499951171875,
                339.9100036621094
            ],
            "text": "FAKTURA"
        },
        {
            "id": 10,
            "bbox": [
                731.0899951171875,
                294.9100036621094,
                795.1099951171875,
                339.9100036621094
            ],
            "text": "VAT"
        },
        {
            "id": 11,
            "bbox": [
                816.4499951171875,
                294.9100036621094,
                859.1299951171875,
                339.9100036621094
            ],
            "text": "nr"
        },
        {
            "id": 12,
            "bbox": [
                880.4699951171875,
                294.9100036621094,
                1093.8699951171875,
                339.9100036621094
            ],
            "text": "11/FA/2020"
        },
        {
            "id": 13,
            "bbox": [
                683.8200073242188,
                343.8699951171875,
                869.5366739908854,
                377.70001220703125
            ],
            "text": "PRZYKŁADOWA"
        },
        {
            "id": 14,
            "bbox": [
                886.4200073242188,
                343.8699951171875,
                937.0700073242188,
                377.70001220703125
            ],
            "text": "!!!"
        },
        {
            "id": 15,
            "bbox": [
                115.20999908447266,
                443.2300109863281,
                282.4800109863281,
                477.07000732421875
            ],
            "text": "Sprzedawca:"
        },
        {
            "id": 16,
            "bbox": [
                824.1099853515625,
                443.2300109863281,
                952.7000122070312,
                477.05999755859375
            ],
            "text": "Nabywca:"
        },
        {
            "id": 17,
            "bbox": [
                115.20999908447266,
                477.3800048828125,
                182.75375127792358,
                511.2099914550781
            ],
            "text": "FIRMA"
        },
        {
            "id": 18,
            "bbox": [
                196.26250171661377,
                477.3800048828125,
                236.78875303268433,
                511.2099914550781
            ],
            "text": "Sp."
        },
        {
            "id": 19,
            "bbox": [
                250.2975034713745,
                477.3800048828125,
                263.8062539100647,
                511.2099914550781
            ],
            "text": "z"
        },
        {
            "id": 20,
            "bbox": [
                277.3150043487549,
                477.3800048828125,
                331.3500061035156,
                511.2099914550781
            ],
            "text": "o.o."
        },
        {
            "id": 21,
            "bbox": [
                824.1400146484375,
                477.3800048828125,
                905.6900024414062,
                511.2099914550781
            ],
            "text": "FIRMA"
        },
        {
            "id": 22,
            "bbox": [
                922.0,
                477.3800048828125,
                938.3099975585938,
                511.2099914550781
            ],
            "text": "1"
        },
        {
            "id": 23,
            "bbox": [
                115.20999908447266,
                575.219970703125,
                217.99100570678712,
                609.0499877929688
            ],
            "text": "Testowa"
        },
        {
            "id": 24,
            "bbox": [
                232.67400665283205,
                575.219970703125,
                262.0400085449219,
                609.0499877929688
            ],
            "text": "25"
        },
        {
            "id": 25,
            "bbox": [
                824.1099853515625,
                575.219970703125,
                923.3116505940756,
                609.0499877929688
            ],
            "text": "Testowa"
        },
        {
            "id": 26,
            "bbox": [
                937.4833170572917,
                575.219970703125,
                994.1699829101564,
                609.0499877929688
            ],
            "text": "65/1"
        },
        {
            "id": 27,
            "bbox": [
                115.20999908447266,
                609.3699951171875,
                205.2146154550406,
                643.2100219726562
            ],
            "text": "60-498"
        },
        {
            "id": 28,
            "bbox": [
                220.21538485013525,
                609.3699951171875,
                310.2200012207032,
                643.2100219726562
            ],
            "text": "Poznań"
        },
        {
            "id": 29,
            "bbox": [
                824.0999755859375,
                609.3699951171875,
                914.0999755859375,
                643.2100219726562
            ],
            "text": "60-666"
        },
        {
            "id": 30,
            "bbox": [
                929.0999755859375,
                609.3699951171875,
                1019.0999755859375,
                643.2100219726562
            ],
            "text": "Poznań"
        },
        {
            "id": 31,
            "bbox": [
                116.54000091552734,
                645.02001953125,
                171.78727560332328,
                682.030029296875
            ],
            "text": "NIP:"
        },
        {
            "id": 32,
            "bbox": [
                185.59909427527225,
                645.02001953125,
                365.15273701060903,
                682.030029296875
            ],
            "text": "111-222-33-44"
        },
        {
            "id": 33,
            "bbox": [
                378.964555682558,
                645.02001953125,
                461.8354677142519,
                682.030029296875
            ],
            "text": "Regon:"
        },
        {
            "id": 34,
            "bbox": [
                475.64728638620085,
                645.02001953125,
                572.3300170898438,
                682.030029296875
            ],
            "text": "1234567"
        },
        {
            "id": 35,
            "bbox": [
                822.3800048828125,
                644.8200073242188,
                877.8082275390625,
                675.47998046875
            ],
            "text": "NIP:"
        },
        {
            "id": 36,
            "bbox": [
                891.665283203125,
                644.8200073242188,
                1057.949951171875,
                675.47998046875
            ],
            "text": "999-88-77-66"
        },
        {
            "id": 37,
            "bbox": [
                115.20999908447266,
                677.8400268554688,
                183.52458556493124,
                714.8499755859375
            ],
            "text": "Konto"
        },
        {
            "id": 38,
            "bbox": [
                197.18750286102295,
                677.8400268554688,
                306.49084122975665,
                714.8499755859375
            ],
            "text": "bankowe:"
        },
        {
            "id": 39,
            "bbox": [
                320.1537585258484,
                677.8400268554688,
                361.14251041412354,
                714.8499755859375
            ],
            "text": "ZZZ"
        },
        {
            "id": 40,
            "bbox": [
                374.80542771021527,
                677.8400268554688,
                429.45709689458215,
                714.8499755859375
            ],
            "text": "Bank"
        },
        {
            "id": 41,
            "bbox": [
                443.1200141906739,
                677.8400268554688,
                525.0975179672241,
                714.8499755859375
            ],
            "text": "Polski"
        },
        {
            "id": 42,
            "bbox": [
                538.7604352633158,
                677.8400268554688,
                593.4121044476826,
                714.8499755859375
            ],
            "text": "S.A."
        },
        {
            "id": 43,
            "bbox": [
                607.0750217437743,
                677.8400268554688,
                634.4008563359578,
                714.8499755859375
            ],
            "text": "99"
        },
        {
            "id": 44,
            "bbox": [
                648.0637736320494,
                677.8400268554688,
                702.7154428164163,
                714.8499755859375
            ],
            "text": "1111"
        },
        {
            "id": 45,
            "bbox": [
                716.378360112508,
                677.8400268554688,
                771.0300292968748,
                714.8499755859375
            ],
            "text": "2222"
        },
        {
            "id": 46,
            "bbox": [
                824.1500244140625,
                677.8400268554688,
                867.9106521606445,
                711.6799926757812
            ],
            "text": "Kod"
        },
        {
            "id": 47,
            "bbox": [
                882.4975280761719,
                677.8400268554688,
                999.1925354003906,
                711.6799926757812
            ],
            "text": "nabywcy:"
        },
        {
            "id": 48,
            "bbox": [
                1013.779411315918,
                677.8400268554688,
                1057.5400390625,
                711.6799926757812
            ],
            "text": "666"
        },
        {
            "id": 49,
            "bbox": [
                115.22000122070312,
                709.02001953125,
                173.53158248098273,
                746.030029296875
            ],
            "text": "1334"
        },
        {
            "id": 50,
            "bbox": [
                188.10947779605263,
                709.02001953125,
                246.42105905633224,
                746.030029296875
            ],
            "text": "5555"
        },
        {
            "id": 51,
            "bbox": [
                260.99895437140214,
                709.02001953125,
                319.3105356316817,
                746.030029296875
            ],
            "text": "7777"
        },
        {
            "id": 52,
            "bbox": [
                333.8884309467516,
                709.02001953125,
                392.2000122070312,
                746.030029296875
            ],
            "text": "6666"
        },
        {
            "id": 53,
            "bbox": [
                115.22000122070312,
                811.510009765625,
                196.31391044284987,
                845.3400268554688
            ],
            "text": "Sposób"
        },
        {
            "id": 54,
            "bbox": [
                209.82956197987434,
                811.510009765625,
                317.95477427607,
                845.3400268554688
            ],
            "text": "zapłaty:"
        },
        {
            "id": 55,
            "bbox": [
                331.47042581309444,
                811.510009765625,
                426.0799865722656,
                845.3400268554688
            ],
            "text": "Przelew"
        },
        {
            "id": 56,
            "bbox": [
                824.1199951171875,
                811.510009765625,
                901.6700003487723,
                845.3400268554688
            ],
            "text": "Termin"
        },
        {
            "id": 57,
            "bbox": [
                914.5950012207031,
                811.510009765625,
                1043.845009940011,
                845.3400268554688
            ],
            "text": "płatności:"
        },
        {
            "id": 58,
            "bbox": [
                1056.7700108119418,
                811.510009765625,
                1186.0200195312498,
                845.3400268554688
            ],
            "text": "12.04.2020"
        },
        {
            "id": 59,
            "bbox": [
                122.55000305175781,
                845.0499877929688,
                153.2100067138672,
                873.219970703125
            ],
            "text": "Lp"
        },
        {
            "id": 60,
            "bbox": [
                209.75,
                845.0499877929688,
                265.14473684210526,
                873.219970703125
            ],
            "text": "Nazwa"
        },
        {
            "id": 61,
            "bbox": [
                276.2236842105263,
                845.0499877929688,
                420.25,
                873.219970703125
            ],
            "text": "towaru/usługi"
        },
        {
            "id": 62,
            "bbox": [
                492.8500061035156,
                845.0499877929688,
                570.5499877929688,
                873.219970703125
            ],
            "text": "PKWiU"
        },
        {
            "id": 63,
            "bbox": [
                623.9000244140625,
                845.0499877929688,
                675.6699829101562,
                873.219970703125
            ],
            "text": "Ilość"
        },
        {
            "id": 64,
            "bbox": [
                712.4299926757812,
                845.0499877929688,
                755.6746121920072,
                873.219970703125
            ],
            "text": "J.M."
        },
        {
            "id": 65,
            "bbox": [
                766.4857670710637,
                845.0499877929688,
                809.7303865872897,
                873.219970703125
            ],
            "text": "Cena"
        },
        {
            "id": 66,
            "bbox": [
                820.5415414663462,
                845.0499877929688,
                863.7861609825721,
                873.219970703125
            ],
            "text": "jed."
        },
        {
            "id": 67,
            "bbox": [
                874.5973158616287,
                845.0499877929688,
                928.6530902569111,
                873.219970703125
            ],
            "text": "netto"
        },
        {
            "id": 68,
            "bbox": [
                939.4642451359676,
                845.0499877929688,
                993.5200195312501,
                873.219970703125
            ],
            "text": "Rabat"
        },
        {
            "id": 69,
            "bbox": [
                1005.0399780273438,
                845.0499877929688,
                1040.72409955193,
                873.219970703125
            ],
            "text": "VAT"
        },
        {
            "id": 70,
            "bbox": [
                1052.6188067267922,
                845.0499877929688,
                1135.8817569508271,
                873.219970703125
            ],
            "text": "Wartość"
        },
        {
            "id": 71,
            "bbox": [
                1147.7764641256892,
                845.0499877929688,
                1207.25,
                873.219970703125
            ],
            "text": "Netto"
        },
        {
            "id": 72,
            "bbox": [
                1234.9599609375,
                845.0499877929688,
                1295.4266255696614,
                873.219970703125
            ],
            "text": "Kwota"
        },
        {
            "id": 73,
            "bbox": [
                1307.5199584960938,
                845.0499877929688,
                1343.7999572753906,
                873.219970703125
            ],
            "text": "VAT"
        },
        {
            "id": 74,
            "bbox": [
                1355.893290201823,
                845.0499877929688,
                1440.546620686849,
                873.219970703125
            ],
            "text": "Wartość"
        },
        {
            "id": 75,
            "bbox": [
                1452.6399536132815,
                845.0499877929688,
                1525.1999511718752,
                873.219970703125
            ],
            "text": "Brutto"
        },
        {
            "id": 76,
            "bbox": [
                948.1900024414062,
                869.8800048828125,
                973.9000244140625,
                898.0499877929688
            ],
            "text": "%"
        },
        {
            "id": 77,
            "bbox": [
                115.22000122070312,
                907.22998046875,
                126.71000162760417,
                935.4000244140625
            ],
            "text": "1"
        },
        {
            "id": 78,
            "bbox": [
                138.20000203450522,
                907.22998046875,
                207.14000447591147,
                935.4000244140625
            ],
            "text": "Usługi"
        },
        {
            "id": 79,
            "bbox": [
                218.6300048828125,
                907.22998046875,
                390.9800109863281,
                935.4000244140625
            ],
            "text": "programistyczne"
        },
        {
            "id": 80,
            "bbox": [
                662.4199829101562,
                907.22998046875,
                708.7488674587673,
                935.4000244140625
            ],
            "text": "1,00"
        },
        {
            "id": 81,
            "bbox": [
                720.3310885959202,
                907.22998046875,
                766.6599731445312,
                935.4000244140625
            ],
            "text": "szt."
        },
        {
            "id": 82,
            "bbox": [
                850.3699951171875,
                907.22998046875,
                924.25,
                935.4000244140625
            ],
            "text": "500,00"
        },
        {
            "id": 83,
            "bbox": [
                974.9400024414062,
                907.22998046875,
                1010.6700265066964,
                935.4000244140625
            ],
            "text": "---"
        },
        {
            "id": 84,
            "bbox": [
                1022.5800345284598,
                907.22998046875,
                1058.31005859375,
                935.4000244140625
            ],
            "text": "23%"
        },
        {
            "id": 85,
            "bbox": [
                1141.97998046875,
                907.22998046875,
                1215.8499755859375,
                935.4000244140625
            ],
            "text": "500,00"
        },
        {
            "id": 86,
            "bbox": [
                1301.050048828125,
                907.22998046875,
                1373.239990234375,
                935.4000244140625
            ],
            "text": "115,00"
        },
        {
            "id": 87,
            "bbox": [
                1456.949951171875,
                907.22998046875,
                1530.8299560546875,
                935.4000244140625
            ],
            "text": "615,00"
        },
        {
            "id": 88,
            "bbox": [
                981.7000122070312,
                986.719970703125,
                1050.3133544921875,
                1014.8900146484375
            ],
            "text": "Według"
        },
        {
            "id": 89,
            "bbox": [
                1061.7489115397136,
                986.719970703125,
                1130.3622538248699,
                1014.8900146484375
            ],
            "text": "stawek"
        },
        {
            "id": 90,
            "bbox": [
                1141.797810872396,
                986.719970703125,
                1187.5400390625002,
                1014.8900146484375
            ],
            "text": "VAT:"
        },
        {
            "id": 91,
            "bbox": [
                1008.2000122070312,
                1041.5699462890625,
                1058.5799560546875,
                1069.72998046875
            ],
            "text": "23%"
        },
        {
            "id": 92,
            "bbox": [
                1142.22998046875,
                1041.5699462890625,
                1216.0699462890625,
                1069.72998046875
            ],
            "text": "500,00"
        },
        {
            "id": 93,
            "bbox": [
                1301.280029296875,
                1041.5699462890625,
                1373.449951171875,
                1069.72998046875
            ],
            "text": "115,00"
        },
        {
            "id": 94,
            "bbox": [
                1457.1500244140625,
                1041.5699462890625,
                1530.97998046875,
                1069.72998046875
            ],
            "text": "615,00"
        },
        {
            "id": 95,
            "bbox": [
                981.7000122070312,
                1068.9000244140625,
                1058.010009765625,
                1097.0699462890625
            ],
            "text": "Razem"
        },
        {
            "id": 96,
            "bbox": [
                1142.27001953125,
                1069.56005859375,
                1216.0999755859375,
                1097.72998046875
            ],
            "text": "500,00"
        },
        {
            "id": 97,
            "bbox": [
                1300.800048828125,
                1069.56005859375,
                1373.4599609375,
                1097.72998046875
            ],
            "text": "115,00"
        },
        {
            "id": 98,
            "bbox": [
                1457.1600341796875,
                1069.56005859375,
                1530.989990234375,
                1097.72998046875
            ],
            "text": "615,00"
        },
        {
            "id": 99,
            "bbox": [
                115.20999908447266,
                1180.4200439453125,
                146.6766644432431,
                1219.760009765625
            ],
            "text": "Do"
        },
        {
            "id": 100,
            "bbox": [
                162.40999712262834,
                1180.4200439453125,
                288.27665855771016,
                1219.760009765625
            ],
            "text": "zapłaty:"
        },
        {
            "id": 101,
            "bbox": [
                304.0099912370954,
                1180.4200439453125,
                398.40998731340676,
                1219.760009765625
            ],
            "text": "553,50"
        },
        {
            "id": 102,
            "bbox": [
                414.143319992792,
                1180.4200439453125,
                445.60998535156244,
                1219.760009765625
            ],
            "text": "zł"
        },
        {
            "id": 103,
            "bbox": [
                115.20999908447266,
                1219.22998046875,
                192.3481124302126,
                1247.4000244140625
            ],
            "text": "Słownie:"
        },
        {
            "id": 104,
            "bbox": [
                201.99037659843012,
                1219.22998046875,
                269.48622577595256,
                1247.4000244140625
            ],
            "text": "pięćset"
        },
        {
            "id": 105,
            "bbox": [
                279.12848994417004,
                1219.22998046875,
                394.83565996278,
                1247.4000244140625
            ],
            "text": "pięćdziesiąt"
        },
        {
            "id": 106,
            "bbox": [
                404.4779241309975,
                1219.22998046875,
                443.0469808038675,
                1247.4000244140625
            ],
            "text": "trzy"
        },
        {
            "id": 107,
            "bbox": [
                452.68924497208496,
                1219.22998046875,
                471.97377330852,
                1247.4000244140625
            ],
            "text": "zł"
        },
        {
            "id": 108,
            "bbox": [
                481.61603747673746,
                1219.22998046875,
                597.3232074953474,
                1247.4000244140625
            ],
            "text": "pięćdziesiąt"
        },
        {
            "id": 109,
            "bbox": [
                606.9654716635649,
                1219.22998046875,
                626.2499999999999,
                1247.4000244140625
            ],
            "text": "gr"
        },
        {
            "id": 110,
            "bbox": [
                115.20999908447266,
                1248.760009765625,
                278.10445149739587,
                1288.0899658203125
            ],
            "text": "Zapłacono:"
        },
        {
            "id": 111,
            "bbox": [
                294.39389673868817,
                1248.760009765625,
                359.5516777038574,
                1288.0899658203125
            ],
            "text": "0,00"
        },
        {
            "id": 112,
            "bbox": [
                375.8411229451497,
                1248.760009765625,
                408.4200134277344,
                1288.0899658203125
            ],
            "text": "zł"
        },
        {
            "id": 113,
            "bbox": [
                115.20999908447266,
                1289.5899658203125,
                275.7350044250488,
                1328.9300537109375
            ],
            "text": "Pozostało:"
        },
        {
            "id": 114,
            "bbox": [
                291.78750495910646,
                1289.5899658203125,
                388.10250816345217,
                1328.9300537109375
            ],
            "text": "615,00"
        },
        {
            "id": 115,
            "bbox": [
                404.1550086975098,
                1289.5899658203125,
                436.26000976562506,
                1328.9300537109375
            ],
            "text": "zł"
        },
        {
            "id": 116,
            "bbox": [
                117.70999908447266,
                1547.25,
                160.36189001959724,
                1575.4200439453125
            ],
            "text": "Imię"
        },
        {
            "id": 117,
            "bbox": [
                171.0248627533784,
                1547.25,
                181.68783548715953,
                1575.4200439453125
            ],
            "text": "i"
        },
        {
            "id": 118,
            "bbox": [
                192.35080822094068,
                1547.25,
                277.65459009118985,
                1575.4200439453125
            ],
            "text": "nazwisko"
        },
        {
            "id": 119,
            "bbox": [
                288.317562824971,
                1547.25,
                341.6324264938767,
                1575.4200439453125
            ],
            "text": "osoby"
        },
        {
            "id": 120,
            "bbox": [
                352.29539922765787,
                1547.25,
                480.2510720330316,
                1575.4200439453125
            ],
            "text": "upoważnionej"
        },
        {
            "id": 121,
            "bbox": [
                490.91404476681276,
                1547.25,
                512.239990234375,
                1575.4200439453125
            ],
            "text": "do"
        },
        {
            "id": 122,
            "bbox": [
                886.3099975585938,
                1547.22998046875,
                928.9618860193201,
                1575.4000244140625
            ],
            "text": "Imię"
        },
        {
            "id": 123,
            "bbox": [
                939.6248581345017,
                1547.22998046875,
                950.2878302496832,
                1575.4000244140625
            ],
            "text": "i"
        },
        {
            "id": 124,
            "bbox": [
                960.9508023648648,
                1547.22998046875,
                1046.2545792863175,
                1575.4000244140625
            ],
            "text": "nazwisko"
        },
        {
            "id": 125,
            "bbox": [
                1056.9175514014992,
                1547.22998046875,
                1110.232411977407,
                1575.4000244140625
            ],
            "text": "osoby"
        },
        {
            "id": 126,
            "bbox": [
                1120.8953840925888,
                1547.22998046875,
                1248.851049474768,
                1575.4000244140625
            ],
            "text": "upoważnionej"
        },
        {
            "id": 127,
            "bbox": [
                1259.5140215899496,
                1547.22998046875,
                1280.8399658203127,
                1575.4000244140625
            ],
            "text": "do"
        },
        {
            "id": 128,
            "bbox": [
                213.08999633789062,
                1572.0799560546875,
                325.2239990234375,
                1600.25
            ],
            "text": "wystawiania"
        },
        {
            "id": 129,
            "bbox": [
                335.4179992675781,
                1572.0799560546875,
                416.9700012207031,
                1600.25
            ],
            "text": "faktury:"
        },
        {
            "id": 130,
            "bbox": [
                987.1900024414062,
                1572.06005859375,
                1088.7952591745477,
                1600.219970703125
            ],
            "text": "otrzymania"
        },
        {
            "id": 131,
            "bbox": [
                1098.9557848478619,
                1572.06005859375,
                1180.239990234375,
                1600.219970703125
            ],
            "text": "faktury:"
        },
        {
            "id": 132,
            "bbox": [
                751.280029296875,
                2120.780029296875,
                811.8960205078125,
                2148.93994140625
            ],
            "text": "Strona"
        },
        {
            "id": 133,
            "bbox": [
                821.9986857096354,
                2120.780029296875,
                842.2040161132812,
                2148.93994140625
            ],
            "text": "nr"
        },
        {
            "id": 134,
            "bbox": [
                852.3066813151041,
                2120.780029296875,
                862.409346516927,
                2148.93994140625
            ],
            "text": "1"
        },
        {
            "id": 135,
            "bbox": [
                872.5120117187499,
                2120.780029296875,
                882.6146769205728,
                2148.93994140625
            ],
            "text": "z"
        },
        {
            "id": 136,
            "bbox": [
                892.7173421223957,
                2120.780029296875,
                902.8200073242186,
                2148.93994140625
            ],
            "text": "1"
        },
        {
            "id": 137,
            "bbox": [
                671.9099731445312,
                2148.2900390625,
                719.6392118013822,
                2176.4599609375
            ],
            "text": "OEM:"
        },
        {
            "id": 138,
            "bbox": [
                731.571521465595,
                2148.2900390625,
                803.1653794508715,
                2176.4599609375
            ],
            "text": "KSSOFT"
        },
        {
            "id": 139,
            "bbox": [
                815.0976891150842,
                2148.2900390625,
                827.029998779297,
                2176.4599609375
            ],
            "text": "-"
        },
        {
            "id": 140,
            "bbox": [
                838.9623084435098,
                2148.2900390625,
                982.1500244140626,
                2176.4599609375
            ],
            "text": "Fakturowanie"
        }
    ],
    "fields": [
        {
            "field_name": "DATE_CREATION",
            "value_id": [
                4
            ],
            "value_text": [
                "15.06.2020"
            ],
            "key_id": [],
            "key_text": []
        },
        {
            "field_name": "DATE_EXECUTION",
            "value_id": [
                8
            ],
            "value_text": [
                "08.04.2020"
            ],
            "key_id": [],
            "key_text": []
        },
        {
            "field_name": "DOC_NR",
            "value_id": [
                12
            ],
            "value_text": [
                "11/FA/2020"
            ],
            "key_id": [],
            "key_text": []
        },
        {
            "field_name": "NAME_SELLER",
            "value_id": [
                17,
                18,
                19,
                20
            ],
            "value_text": [
                "FIRMA",
                "Sp.",
                "z",
                "o.o."
            ],
            "key_id": [],
            "key_text": []
        },
        {
            "field_name": "NAME_CONTRACTOR",
            "value_id": [
                21,
                22
            ],
            "value_text": [
                "FIRMA",
                "1"
            ],
            "key_id": [],
            "key_text": []
        },
        {
            "field_name": "ADDRESS_SELLER",
            "value_id": [
                23,
                24,
                27,
                28
            ],
            "value_text": [
                "Testowa",
                "25",
                "60-498",
                "Poznań"
            ],
            "key_id": [],
            "key_text": []
        },
        {
            "field_name": "ADDRESS_CONTRACTOR",
            "value_id": [
                25,
                26,
                29,
                30
            ],
            "value_text": [
                "Testowa",
                "65/1",
                "60-666",
                "Poznań"
            ],
            "key_id": [],
            "key_text": []
        },
        {
            "field_name": "VAT_ID_SELLER",
            "value_id": [
                32
            ],
            "value_text": [
                "111-222-33-44"
            ],
            "key_id": [],
            "key_text": []
        },
        {
            "field_name": "REGON_SELLER",
            "value_id": [
                34
            ],
            "value_text": [
                "1234567"
            ],
            "key_id": [],
            "key_text": []
        },
        {
            "field_name": "VAT_ID_CONTRACTOR",
            "value_id": [
                36
            ],
            "value_text": [
                "999-88-77-66"
            ],
            "key_id": [],
            "key_text": []
        },
        {
            "field_name": "PAYMENT_BANK_NR",
            "value_id": [
                43,
                44,
                45,
                49,
                50,
                51,
                52
            ],
            "value_text": [
                "99",
                "1111",
                "2222",
                "1334",
                "5555",
                "7777",
                "6666"
            ],
            "key_id": [],
            "key_text": []
        },
        {
            "field_name": "PAYMENT_METHOD",
            "value_id": [
                55
            ],
            "value_text": [
                "Przelew"
            ],
            "key_id": [],
            "key_text": []
        },
        {
            "field_name": "DATE_PAYMENT",
            "value_id": [
                58
            ],
            "value_text": [
                "12.04.2020"
            ],
            "key_id": [],
            "key_text": []
        },
        {
            "field_name": "TOTAL_WITHOUT_TAX",
            "value_id": [
                96
            ],
            "value_text": [
                "500,00"
            ],
            "key_id": [],
            "key_text": []
        },
        {
            "field_name": "TOTAL_TAX",
            "value_id": [
                97
            ],
            "value_text": [
                "115,00"
            ],
            "key_id": [],
            "key_text": []
        },
        {
            "field_name": "TOTAL_WITH_TAX",
            "value_id": [
                98
            ],
            "value_text": [
                "615,00"
            ],
            "key_id": [],
            "key_text": []
        },
        {
            "field_name": "TOTAL_PAY",
            "value_id": [
                101
            ],
            "value_text": [
                "553,50"
            ],
            "key_id": [],
            "key_text": []
        }
    ],
    "global_attributes": {
        "file_id": "Faktura1.pdf_0.jpg"
    }
}
